customerID,Churn_Probability,Churn_Prediction,Risk_Level
4226-KKDON,0.3803,No,Medium Risk
8838-GPHZP,0.0011,No,Low Risk
0320-JDNQG,0.6622,Yes,High Risk
4837-PZTIC,0.0023,No,Low Risk
7748-UMTRK,0.23,No,Medium Risk
0823-HSCDJ,0.8776,Yes,High Risk
1085-LDWAM,0.0005,No,Low Risk
2786-GCDPI,0.2608,No,Medium Risk
4001-TSBTV,0.0539,No,Low Risk
5196-WPYOW,0.0055,No,Low Risk
3508-CFVZL,0.0058,No,Low Risk
2796-NNUFI,0.0024,No,Low Risk
6925-BAYGL,0.1171,No,Medium Risk
8263-QMNTJ,0.0186,No,Low Risk
9945-PSVIP,0.0003,No,Low Risk
5666-CYCYZ,0.8842,Yes,High Risk
1820-TQVEV,0.9548,Yes,High Risk
9979-RGMZT,0.0558,No,Low Risk
2800-QQUSO,0.1961,No,Medium Risk
2167-FQSTQ,0.0053,No,Low Risk
9786-YWNHU,0.0022,No,Low Risk
7255-SSFBC,0.0634,No,Low Risk
7395-XWZOY,0.0322,No,Low Risk
6786-OBWQR,0.3973,No,Medium Risk
4636-OLWOE,0.0086,No,Low Risk
8028-PNXHQ,0.0171,No,Low Risk
3662-FXJFO,0.0033,No,Low Risk
2874-YXVVA,0.3618,No,Medium Risk
0048-LUMLS,0.0374,No,Low Risk
0396-HUJBP,0.3118,No,Medium Risk
7359-WWYJV,0.0223,No,Low Risk
7908-QCBCA,0.9637,Yes,High Risk
8792-AOROI,0.003,No,Low Risk
8740-XLHDR,0.1031,No,Medium Risk
6873-UDNLD,0.0057,No,Low Risk
6645-MXQJT,0.2334,No,Medium Risk
7799-DSEWS,0.0158,No,Low Risk
5568-DMXZS,0.7447,Yes,High Risk
7813-TKCVO,0.0013,No,Low Risk
9067-SQTNS,0.0014,No,Low Risk
9730-DRTMJ,0.0081,No,Low Risk
8625-AZYZY,0.6735,Yes,High Risk
5976-JCJRH,0.8728,Yes,High Risk
7359-PTSXY,0.9463,Yes,High Risk
5214-NLTIT,0.0036,No,Low Risk
5220-AGAAX,0.0395,No,Low Risk
7508-SMHXL,0.1796,No,Medium Risk
8982-NHAVY,0.1848,No,Medium Risk
1468-DEFNC,0.0011,No,Low Risk
1428-IEDPR,0.1124,No,Medium Risk
6429-SHBCB,0.0142,No,Low Risk
3946-MHCZW,0.8745,Yes,High Risk
3813-DHBBB,0.2075,No,Medium Risk
7234-KMNRQ,0.0046,No,Low Risk
3635-QQRQD,0.0004,No,Low Risk
9626-WEQRM,0.1777,No,Medium Risk
5835-BEQEU,0.966,Yes,High Risk
1374-DMZUI,0.9105,Yes,High Risk
7663-RGWBC,0.9206,Yes,High Risk
7825-ECJRF,0.7127,Yes,High Risk
7879-CGSFV,0.5369,Yes,Medium Risk
8626-XHBIE,0.0016,No,Low Risk
7010-BRBUU,0.0005,No,Low Risk
8513-OLYGY,0.282,No,Medium Risk
6360-SVNWV,0.8915,Yes,High Risk
6586-MYGKD,0.1905,No,Medium Risk
7665-TOALD,0.9508,Yes,High Risk
4913-EHYUI,0.7726,Yes,High Risk
2408-WITXK,0.5831,Yes,High Risk
0306-JAELE,0.7996,Yes,High Risk
3966-HRMZA,0.0508,No,Low Risk
2675-IJRGJ,0.0201,No,Low Risk
0867-LDTTC,0.0254,No,Low Risk
5651-WYIPH,0.0771,No,Low Risk
0570-BFQHT,0.1052,No,Medium Risk
7861-UVUFT,0.9064,Yes,High Risk
7811-JIVPF,0.0195,No,Low Risk
3810-DVDQQ,0.0237,No,Low Risk
3808-HFKDE,0.0726,No,Low Risk
4625-XMOYM,0.0045,No,Low Risk
7854-FOKSF,0.8625,Yes,High Risk
4255-DDUOU,0.8126,Yes,High Risk
2085-BOJKI,0.0979,No,Medium Risk
6402-SSEJG,0.2106,No,Medium Risk
6849-OYAMU,0.615,Yes,High Risk
9912-GVSEQ,0.8685,Yes,High Risk
5440-VHLUL,0.2814,No,Medium Risk
4644-PIZRT,0.0636,No,Low Risk
0181-RITDD,0.1306,No,Medium Risk
9442-JTWDL,0.0407,No,Low Risk
5327-CNLUQ,0.0339,No,Low Risk
8884-FEEWR,0.0014,No,Low Risk
2041-JIJCI,0.4988,No,Medium Risk
9489-DEDVP,0.0414,No,Low Risk
0231-LXVAP,0.92,Yes,High Risk
0895-DQHEW,0.857,Yes,High Risk
0134-XWXCE,0.0571,No,Low Risk
7473-ZBDSN,0.0002,No,Low Risk
0052-DCKON,0.8569,Yes,High Risk
4893-GYUJU,0.1053,No,Medium Risk
6625-FLENo,0.0292,No,Low Risk
9298-WGMRW,0.0595,No,Low Risk
2599-CIPQE,0.0668,No,Low Risk
3070-BDOQC,0.0418,No,Low Risk
7663-YJHSN,0.0021,No,Low Risk
2558-BUOZZ,0.094,No,Medium Risk
8237-ULIXL,0.0029,No,Low Risk
7878-JGDKK,0.0596,No,Low Risk
8065-QBYTO,0.0087,No,Low Risk
7641-EUYET,0.9258,Yes,High Risk
5937-EORGB,0.6761,Yes,High Risk
2770-NSVDG,0.0758,No,Low Risk
4086-ATNFV,0.0202,No,Low Risk
8593-WHYHV,0.9618,Yes,High Risk
5288-AHOUP,0.3849,No,Medium Risk
4487-ZYJZK,1e-04,No,Low Risk
8746-BFOAJ,0.0049,No,Low Risk
6701-DHKWQ,0.0035,No,Low Risk
0730-KOAVE,0.102,No,Medium Risk
9332-GYWLO,0.1897,No,Medium Risk
2568-BRGYX,0.9189,Yes,High Risk
4778-IZARL,0.0052,No,Low Risk
5753-QQWPW,0.0093,No,Low Risk
9500-WBGRP,0.0005,No,Low Risk
2586-CWXVV,0.0499,No,Low Risk
2074-GUHPQ,0.1038,No,Medium Risk
3374-LXDEV,0.8022,Yes,High Risk
7619-ODSGN,0.6688,Yes,High Risk
8290-YWKHZ,0.979,Yes,High Risk
6556-DBKZF,0.0138,No,Low Risk
4484-CGXFK,0.2926,No,Medium Risk
7306-YDSOI,0.0006,No,Low Risk
2234-EOFPT,0.0024,No,Low Risk
5908-QMGOE,0.8514,Yes,High Risk
3982-JGSFD,0.0007,No,Low Risk
2858-EIMXH,0.0985,No,Medium Risk
7398-LXGYX,0.0273,No,Low Risk
9732-OUYRN,0.0003,No,Low Risk
6380-ARCEH,0.3146,No,Medium Risk
4124-MMETB,0.7851,Yes,High Risk
3658-KIBGF,0.8791,Yes,High Risk
6988-CJEYV,0.273,No,Medium Risk
9314-IJWSQ,0.3658,No,Medium Risk
8690-ZVLCL,0.0038,No,Low Risk
6598-KELSS,0.0129,No,Low Risk
6394-HHHZM,0.1143,No,Medium Risk
8173-RXAYP,0.0008,No,Low Risk
0137-OCGAB,0.9518,Yes,High Risk
4948-WBBKL,0.6495,Yes,High Risk
4903-UYAVB,0.6815,Yes,High Risk
3097-NQYSN,0.6022,Yes,High Risk
4067-HLYQI,0.1518,No,Medium Risk
4998-IKFSE,0.1028,No,Medium Risk
4774-HHGGS,0.0014,No,Low Risk
8456-QDAVC,0.0536,No,Low Risk
2034-GDRCN,0.9792,Yes,High Risk
6834-NXDCA,0.6594,Yes,High Risk
8149-AIQCG,0.1195,No,Medium Risk
1585-MQSSU,0.4436,No,Medium Risk
5228-EXCET,0.9349,Yes,High Risk
9965-YOKZB,0.7814,Yes,High Risk
2578-JQPHZ,0.5005,Yes,Medium Risk
7552-KEYGT,0.0014,No,Low Risk
7089-XXAYG,0.0722,No,Low Risk
1862-QRWPE,0.0315,No,Low Risk
2996-XAUVF,0.0045,No,Low Risk
9558-IHEZX,0.0058,No,Low Risk
6599-RCLCJ,0.9718,Yes,High Risk
8661-BOYNW,0.002,No,Low Risk
1265-ZFOSD,0.0023,No,Low Risk
7601-DHFWZ,0.0032,No,Low Risk
7218-HKQFK,0.6648,Yes,High Risk
5206-HPJKM,0.0857,No,Low Risk
4223-WOZCM,0.1384,No,Medium Risk
5312-IRCFR,0.0426,No,Low Risk
8975-SKGRX,0.0162,No,Low Risk
2749-CTKAJ,0.0007,No,Low Risk
5160-UXJED,0.0896,No,Low Risk
2460-NGXBJ,0.163,No,Medium Risk
8980-WQFWL,0.0986,No,Medium Risk
8972-HJWNV,0.9615,Yes,High Risk
7845-URHJN,0.5145,Yes,Medium Risk
8882-TLVRW,0.0154,No,Low Risk
0402-CQAJN,0.8508,Yes,High Risk
8835-VSDSE,0.9412,Yes,High Risk
8356-WUAOJ,0.1398,No,Medium Risk
4632-PAOYU,0.0013,No,Low Risk
6681-ZSEXG,0.0442,No,Low Risk
4293-ETKAP,0.0233,No,Low Risk
0318-ZOPWS,0.0014,No,Low Risk
6319-IEJWJ,0.9359,Yes,High Risk
6967-PEJLL,0.0207,No,Low Risk
4718-WXBGI,0.0037,No,Low Risk
4323-OHFOW,0.1051,No,Medium Risk
3198-VELRD,0.8745,Yes,High Risk
9412-GHEEC,0.8177,Yes,High Risk
6734-GMPVK,0.9346,Yes,High Risk
7037-MTYVW,0.0097,No,Low Risk
7632-MNYOY,0.4073,No,Medium Risk
5278-PNYOX,0.3244,No,Medium Risk
7233-IOQNP,0.0293,No,Low Risk
3308-DGHKL,0.0045,No,Low Risk
5899-OUVKV,0.2564,No,Medium Risk
2150-UWTFY,0.3252,No,Medium Risk
4043-MKDTV,0.0043,No,Low Risk
7647-GYYKX,0.0011,No,Low Risk
1481-ZUWZA,0.1689,No,Medium Risk
5997-OPVFA,0.0067,No,Low Risk
9050-IKDZA,0.3387,No,Medium Risk
6924-TDGMT,0.0188,No,Low Risk
7856-GANIL,0.6215,Yes,High Risk
6771-XWBDM,0.6651,Yes,High Risk
5445-UTODQ,0.9609,Yes,High Risk
5013-SBUIH,0.5132,Yes,Medium Risk
0835-DUUIQ,0.001,No,Low Risk
6823-SIDFQ,0.002,No,Low Risk
3537-HPKQT,0.5299,Yes,Medium Risk
6141-OOXUQ,0.9032,Yes,High Risk
2821-WARNZ,0.0016,No,Low Risk
4950-HKQTE,0.0044,No,Low Risk
6860-YRJZP,0.7405,Yes,High Risk
3062-ICYZQ,0.2465,No,Medium Risk
7156-MHUGY,0.9489,Yes,High Risk
7801-KICAO,0.5072,Yes,Medium Risk
5893-KCLGT,0.0137,No,Low Risk
5120-ZBLAI,0.0403,No,Low Risk
5519-TEEUH,0.002,No,Low Risk
2188-SXWVT,0.0036,No,Low Risk
0866-QLSIR,0.3005,No,Medium Risk
0422-OHQHQ,0.0254,No,Low Risk
5751-USDBL,0.0145,No,Low Risk
2144-BFDSO,0.0212,No,Low Risk
3799-ISUZQ,0.8671,Yes,High Risk
9782-LGXMC,0.0196,No,Low Risk
7516-GMHUV,0.373,No,Medium Risk
0516-QREYC,0.0142,No,Low Risk
5536-RTPWK,0.8334,Yes,High Risk
7893-IXHRQ,0.5467,Yes,Medium Risk
1574-DYCWE,0.0004,No,Low Risk
6465-GSRCL,0.6365,Yes,High Risk
2805-EDJPQ,0.1504,No,Medium Risk
7994-UYIVZ,0.455,No,Medium Risk
2000-DHJUY,0.0048,No,Low Risk
6000-APYLU,0.9379,Yes,High Risk
3167-SNQPL,0.6281,Yes,High Risk
7252-NTGSS,0.2358,No,Medium Risk
7018-FPXHH,0.0393,No,Low Risk
4782-OSFXZ,0.0055,No,Low Risk
1194-HVAIF,0.0362,No,Low Risk
8679-LZBMD,0.5814,Yes,High Risk
4495-LHSSK,0.0977,No,Medium Risk
8713-IGZSO,0.2569,No,Medium Risk
7399-QHBJS,0.0084,No,Low Risk
0565-IYCGT,0.3223,No,Medium Risk
9565-DJPIB,0.789,Yes,High Risk
4713-LZDRV,0.9813,Yes,High Risk
9825-YCXWZ,0.0247,No,Low Risk
5174-RNGBH,0.8408,Yes,High Risk
5122-CYFXA,0.6361,Yes,High Risk
9239-ZBZZV,0.9608,Yes,High Risk
2300-RQGOI,0.0314,No,Low Risk
6549-NNDYT,0.6832,Yes,High Risk
5727-MYATE,0.025,No,Low Risk
3794-NFNCH,0.0184,No,Low Risk
8659-HDIYE,0.0156,No,Low Risk
4939-KYYPY,0.0808,No,Low Risk
5989-OMNJE,0.0059,No,Low Risk
6234-PFPXL,0.11,No,Medium Risk
6064-ZATLR,0.031,No,Low Risk
9094-AZPHK,0.2439,No,Medium Risk
4922-CVPDX,0.0323,No,Low Risk
5480-HPRRX,0.8865,Yes,High Risk
2609-IAICY,0.9773,Yes,High Risk
9003-CPATH,0.035,No,Low Risk
5003-OKNNK,0.0021,No,Low Risk
0089-IIQKO,0.7968,Yes,High Risk
8705-WZCYL,0.1508,No,Medium Risk
0322-YINQP,0.8613,Yes,High Risk
8869-TORSS,0.3814,No,Medium Risk
5345-BMKWB,0.0081,No,Low Risk
8454-AATJP,0.0049,No,Low Risk
1794-SWWKL,0.4217,No,Medium Risk
2604-XVDAM,0.3445,No,Medium Risk
3316-UWXUY,0.0029,No,Low Risk
2794-XIMMO,0.6724,Yes,High Risk
5600-KTXFM,0.2587,No,Medium Risk
3847-BAERP,0.6712,Yes,High Risk
6711-FLDFB,0.9745,Yes,High Risk
3777-XROBG,0.0422,No,Low Risk
6295-OSINB,0.0351,No,Low Risk
2424-WVHPL,0.6966,Yes,High Risk
5018-GWURO,0.0471,No,Low Risk
2840-XANRC,0.6886,Yes,High Risk
7089-IVVAZ,0.9278,Yes,High Risk
8268-YDIXR,0.0214,No,Low Risk
2380-DAMQP,0.0755,No,Low Risk
8070-AAWZP,0.1082,No,Medium Risk
5619-PTMIK,0.0038,No,Low Risk
0637-YLETY,0.8987,Yes,High Risk
4987-GQWPO,0.1783,No,Medium Risk
8184-WMOFI,0.0404,No,Low Risk
4641-FROLU,0.0353,No,Low Risk
1814-DKOLC,0.016,No,Low Risk
0895-UADGO,0.0056,No,Low Risk
8859-DZTGQ,0.0017,No,Low Risk
3836-FZSDJ,0.0183,No,Low Risk
2251-PYLPB,0.0207,No,Low Risk
9932-WBWIK,0.1241,No,Medium Risk
9481-WHGWY,0.0016,No,Low Risk
3855-ONCAR,0.0718,No,Low Risk
6772-KSATR,0.9752,Yes,High Risk
5222-JCXZT,0.009,No,Low Risk
1080-BWSYE,0.0175,No,Low Risk
1251-STYSZ,0.7336,Yes,High Risk
9685-WKZGT,0.9415,Yes,High Risk
9659-ZTWSM,0.081,No,Low Risk
7839-QRKXN,0.8574,Yes,High Risk
3173-NVMPX,0.0533,No,Low Risk
2856-NNASM,0.8344,Yes,High Risk
3733-UOCWF,0.0324,No,Low Risk
5553-AOINX,0.3025,No,Medium Risk
9919-FZDED,0.0287,No,Low Risk
0123-CRBRT,0.0052,No,Low Risk
4671-LXRDQ,0.6348,Yes,High Risk
7312-XSBAT,0.1267,No,Medium Risk
9419-IPPBE,0.0354,No,Low Risk
1360-XFJMR,0.0388,No,Low Risk
5129-JLPIS,0.0659,No,Low Risk
0550-DCXLH,0.3935,No,Medium Risk
0675-NCDYU,0.0537,No,Low Risk
3472-OAOOR,0.1667,No,Medium Risk
7892-POOKP,0.8569,Yes,High Risk
3195-TQDZX,0.0395,No,Low Risk
5626-MGTUK,0.0213,No,Low Risk
9518-RWHZL,0.5588,Yes,Medium Risk
5849-ASHZJ,0.0014,No,Low Risk
1343-EHPYB,0.8393,Yes,High Risk
0983-TATYJ,0.0068,No,Low Risk
7503-MIOGA,0.0013,No,Low Risk
5025-GOOKI,0.097,No,Medium Risk
8630-QSGXK,0.0183,No,Low Risk
8705-DWKTI,0.562,Yes,Medium Risk
5449-FIBXJ,0.6611,Yes,High Risk
8069-RHUXK,0.2098,No,Medium Risk
0106-UGRDO,0.2031,No,Medium Risk
0420-TXVSG,0.0075,No,Low Risk
0727-IWKVK,0.8461,Yes,High Risk
7603-USHJS,0.9262,Yes,High Risk
5356-RHIPP,0.7185,Yes,High Risk
2905-KFQUV,0.8282,Yes,High Risk
5012-YSPJJ,0.01,No,Low Risk
9178-JHUVJ,0.0493,No,Low Risk
3392-EHMNK,0.1106,No,Medium Risk
3410-MHHUM,0.0145,No,Low Risk
8901-HJXTF,0.9564,Yes,High Risk
5914-DVBWJ,0.9264,Yes,High Risk
6963-KQYQB,0.0014,No,Low Risk
2181-UAESM,0.0881,No,Low Risk
2446-BEGGB,0.9525,Yes,High Risk
0244-LGNFY,0.018,No,Low Risk
0311-UNPFF,0.9176,Yes,High Risk
2275-RBYQS,0.2821,No,Medium Risk
3096-YXENJ,0.1939,No,Medium Risk
5016-IBERQ,0.2544,No,Medium Risk
3744-ZBHON,0.0239,No,Low Risk
0531-XBKMM,0.0516,No,Low Risk
4583-PARNH,0.116,No,Medium Risk
8065-BVEPF,0.5143,Yes,Medium Risk
6776-TLWOI,0.2892,No,Medium Risk
0795-LAFGP,0.0027,No,Low Risk
6480-YAGIY,0.0296,No,Low Risk
3692-JHONH,0.1837,No,Medium Risk
9931-DCEZH,0.0239,No,Low Risk
5628-FCGYG,0.8369,Yes,High Risk
6007-TCTST,0.0564,No,Low Risk
1228-FZFRV,0.4265,No,Medium Risk
6993-OHLXR,0.8079,Yes,High Risk
3890-RTCMS,0.0956,No,Medium Risk
6746-WAUWT,0.0015,No,Low Risk
4905-JEFDW,0.4648,No,Medium Risk
9705-IOVQQ,0.0326,No,Low Risk
9891-NQDBD,0.0037,No,Low Risk
7658-UYUQS,0.2168,No,Medium Risk
0114-PEGZZ,0.0203,No,Low Risk
3415-TAILE,0.8834,Yes,High Risk
0260-ZDLGK,0.4516,No,Medium Risk
5968-HYJRZ,0.0019,No,Low Risk
3211-ILJTT,0.8658,Yes,High Risk
0795-XCCTE,0.0011,No,Low Risk
8932-CZHRQ,0.1151,No,Medium Risk
4791-QRGMF,0.1111,No,Medium Risk
6188-UXBBR,0.0016,No,Low Risk
2325-WINES,0.0707,No,Low Risk
8097-VBQTZ,0.0167,No,Low Risk
9391-EOYLI,0.9587,Yes,High Risk
7274-CGTOD,0.0074,No,Low Risk
5709-LVOEQ,0.0282,No,Low Risk
1976-CFOCS,0.9187,Yes,High Risk
3675-YDUPJ,0.017,No,Low Risk
1471-GIQKQ,0.0214,No,Low Risk
4443-EMBNA,1e-04,No,Low Risk
7595-EUIVN,0.9166,Yes,High Risk
2054-PJOCK,0.2513,No,Medium Risk
8540-ZQGEA,0.0009,No,Low Risk
6818-DJXAA,0.414,No,Medium Risk
0909-SELIE,0.0032,No,Low Risk
1676-MQAOA,0.0048,No,Low Risk
4871-JTKJF,0.8595,Yes,High Risk
4006-HKYHO,0.0051,No,Low Risk
5338-YHWYT,0.006,No,Low Risk
9091-WTUUY,0.0023,No,Low Risk
8207-VVMYB,0.0007,No,Low Risk
0488-GSLFR,0.962,Yes,High Risk
8215-NGSPE,0.001,No,Low Risk
6158-HDPXZ,0.0576,No,Low Risk
8849-AYPTR,0.0365,No,Low Risk
3727-OWVYD,0.0028,No,Low Risk
7109-CQYUZ,0.0039,No,Low Risk
2712-SYWAY,0.0431,No,Low Risk
0956-SYCWG,0.005,No,Low Risk
9350-ZXYJC,0.0124,No,Low Risk
7173-TETGO,0.0718,No,Low Risk
1177-XZBJL,0.0056,No,Low Risk
6240-EURKS,0.2095,No,Medium Risk
5006-MXVRN,0.0042,No,Low Risk
7566-DSRLQ,0.005,No,Low Risk
7295-JOMMD,0.7591,Yes,High Risk
3397-AVTKU,0.0213,No,Low Risk
4636-TVXVG,0.0251,No,Low Risk
0993-OSGPT,0.0046,No,Low Risk
9592-ERDKV,0.0232,No,Low Risk
8082-GHXOP,0.3405,No,Medium Risk
2480-EJWYP,0.0832,No,Low Risk
8065-YKXKD,0.9437,Yes,High Risk
8174-TBVCF,0.03,No,Low Risk
6402-EJMWF,0.0271,No,Low Risk
3719-TDVQB,0.0026,No,Low Risk
0596-BQCEQ,0.5068,Yes,Medium Risk
5136-RGMZO,0.1643,No,Medium Risk
9286-BHDQG,0.0016,No,Low Risk
2692-BUCFV,0.3126,No,Medium Risk
5605-IYGFG,0.4157,No,Medium Risk
8868-GAGIO,0.0169,No,Low Risk
0673-IGUQO,0.2215,No,Medium Risk
9921-ZVRHG,0.9859,Yes,High Risk
5329-KRDTM,0.0034,No,Low Risk
4824-GUCBY,0.0266,No,Low Risk
5445-PZWGX,0.2285,No,Medium Risk
9572-MTILT,0.5664,Yes,High Risk
2082-CEFLT,0.9528,Yes,High Risk
8022-BECSI,0.0004,No,Low Risk
9972-EWRJS,0.0069,No,Low Risk
4374-YMUSQ,0.1387,No,Medium Risk
8071-SBTRN,0.0041,No,Low Risk
2810-FTLEM,0.5079,Yes,Medium Risk
0701-RFGFI,0.0473,No,Low Risk
8818-XYFCQ,0.846,Yes,High Risk
8966-SNIZF,0.0003,No,Low Risk
6242-FEGFD,0.0179,No,Low Risk
0122-OAHPZ,0.9287,Yes,High Risk
6425-YQLLO,0.6753,Yes,High Risk
4063-EIKNQ,0.4195,No,Medium Risk
5693-PIPCS,0.0594,No,Low Risk
4550-VBOFE,0.8895,Yes,High Risk
6199-IWKGC,0.2343,No,Medium Risk
8042-RNLKO,0.0365,No,Low Risk
5965-GGPRW,0.0425,No,Low Risk
0637-KVDLV,0.9713,Yes,High Risk
3340-QBBFM,0.0997,No,Medium Risk
7812-FZHPE,0.4515,No,Medium Risk
3160-TYXLT,0.0068,No,Low Risk
6198-RTPMF,0.8417,Yes,High Risk
8345-MVDYC,0.004,No,Low Risk
9223-UCPVT,0.8678,Yes,High Risk
5240-IJOQT,0.9343,Yes,High Risk
5046-NUHWD,0.7622,Yes,High Risk
5883-GTGVD,0.6088,Yes,High Risk
8985-OOPOS,0.3047,No,Medium Risk
0020-JDNXP,0.0103,No,Low Risk
6557-BZXLQ,0.0777,No,Low Risk
4512-ZUIYL,0.8584,Yes,High Risk
1834-ABKHQ,0.0055,No,Low Risk
3714-NTNFO,0.2664,No,Medium Risk
5804-HYIEZ,0.4283,No,Medium Risk
7134-HBPBS,0.0043,No,Low Risk
1088-AUUZZ,0.0016,No,Low Risk
0853-NWIFK,0.1869,No,Medium Risk
7410-KTVFV,0.9687,Yes,High Risk
5336-UFNZP,0.5057,Yes,Medium Risk
9644-UMGQA,0.0447,No,Low Risk
2250-IVBWA,0.067,No,Low Risk
8597-CTXVJ,0.0063,No,Low Risk
7690-KPNCU,0.2641,No,Medium Risk
2806-MLNTI,0.035,No,Low Risk
0013-EXCHZ,0.5981,Yes,High Risk
2207-RYYRL,0.0134,No,Low Risk
0334-GDDSO,0.7119,Yes,High Risk
3525-DVKFN,0.0026,No,Low Risk
1352-VHKAJ,0.105,No,Medium Risk
5886-VLQVU,0.1021,No,Medium Risk
0074-HDKDG,0.007,No,Low Risk
6048-NJXHX,0.0021,No,Low Risk
1697-NVVGY,0.0118,No,Low Risk
6253-WRFHY,0.067,No,Low Risk
9845-PEEKO,0.0827,No,Low Risk
1227-UDMZR,0.0022,No,Low Risk
1866-ZSLJM,0.002,No,Low Risk
2302-OUZXB,0.0066,No,Low Risk
5494-WOZRZ,0.0007,No,Low Risk
0310-MVLET,0.4319,No,Medium Risk
2955-PSXOE,0.6814,Yes,High Risk
0929-PECLO,0.2834,No,Medium Risk
1217-VASWC,0.9031,Yes,High Risk
7841-TZDMQ,0.7888,Yes,High Risk
1423-BMPBQ,0.0482,No,Low Risk
8566-YPRGL,0.0996,No,Medium Risk
2097-YVPKN,0.0031,No,Low Risk
9420-LOJKX,0.7968,Yes,High Risk
7113-HIPFI,0.0004,No,Low Risk
0816-TSPHQ,0.0191,No,Low Risk
4902-OHLSK,0.8834,Yes,High Risk
0999-QXNSA,0.3753,No,Medium Risk
6646-JPPHA,0.1342,No,Medium Risk
4559-UWIHT,0.4318,No,Medium Risk
3258-SYSWS,0.0065,No,Low Risk
5955-ERIHD,0.8703,Yes,High Risk
2985-FMWYF,0.3414,No,Medium Risk
6086-ESGRL,0.8956,Yes,High Risk
6298-QDFNH,0.9668,Yes,High Risk
4541-RMRLG,0.4487,No,Medium Risk
0547-HURJB,0.0067,No,Low Risk
7471-WNSUF,0.0025,No,Low Risk
1936-CZAKF,0.0153,No,Low Risk
3585-ISXZP,0.9793,Yes,High Risk
1534-OULXE,0.2261,No,Medium Risk
8601-QACRS,0.0917,No,Low Risk
4003-FUSHP,0.1763,No,Medium Risk
5093-FEGLU,0.0026,No,Low Risk
5760-FXFVO,0.4439,No,Medium Risk
4877-TSOFF,0.0035,No,Low Risk
8097-OMULG,0.0094,No,Low Risk
9139-TWBAS,0.1733,No,Medium Risk
5155-AZQPB,0.0283,No,Low Risk
3801-HMYNL,0.9861,Yes,High Risk
7666-WKRON,0.016,No,Low Risk
9279-CJEOJ,0.5428,Yes,Medium Risk
1866-DIOQZ,0.0031,No,Low Risk
5286-YHCVC,0.0244,No,Low Risk
9746-UGFAC,0.0108,No,Low Risk
1853-UDXBW,0.9863,Yes,High Risk
8543-MSDMF,0.8548,Yes,High Risk
7813-ZGGAW,0.156,No,Medium Risk
1686-STUHN,0.001,No,Low Risk
3143-ILDAL,0.7649,Yes,High Risk
4983-CLMLV,0.763,Yes,High Risk
8620-RJPZN,0.0247,No,Low Risk
7534-BFESC,0.2025,No,Medium Risk
1709-EJDOX,0.0038,No,Low Risk
7665-NKLAV,0.0143,No,Low Risk
5057-LCOUI,0.6574,Yes,High Risk
6374-NTQLP,0.0018,No,Low Risk
4137-BTIKL,0.7436,Yes,High Risk
8421-WZOOW,0.0074,No,Low Risk
9209-NWPGU,0.0086,No,Low Risk
0277-ORXQS,0.0614,No,Low Risk
8401-EMUWF,0.0417,No,Low Risk
9475-NNDGC,0.0474,No,Low Risk
3523-QRQLL,0.4676,No,Medium Risk
3272-VUHPV,0.0212,No,Low Risk
4312-GVYNH,0.0048,No,Low Risk
2637-FKFSY,0.1987,No,Medium Risk
4083-BFNYK,0.0094,No,Low Risk
2720-FVBQP,0.1295,No,Medium Risk
0259-GBZSH,0.9647,Yes,High Risk
3253-HKOKL,0.6869,Yes,High Risk
6906-MPARY,0.291,No,Medium Risk
1379-FRVEB,0.9777,Yes,High Risk
8023-QHAIO,0.2524,No,Medium Risk
1241-FPMOF,0.0402,No,Low Risk
5913-INRQV,0.0042,No,Low Risk
7508-MYBOG,0.9311,Yes,High Risk
9339-FIIJL,0.0021,No,Low Risk
0068-FIGTF,0.0043,No,Low Risk
9169-BSVIN,0.0999,No,Medium Risk
1415-YFWLT,0.9574,Yes,High Risk
2482-CZGBB,0.2473,No,Medium Risk
1297-VQDRP,0.4301,No,Medium Risk
7978-DKUQH,0.5661,Yes,Medium Risk
9944-AEXBM,0.0324,No,Low Risk
0404-SWRVG,0.9607,Yes,High Risk
6227-HWPWX,0.8005,Yes,High Risk
5567-GZKQY,0.0015,No,Low Risk
9054-FOWNV,0.3581,No,Medium Risk
0682-USIXD,0.2977,No,Medium Risk
7246-ZGQDF,0.1635,No,Medium Risk
9451-WLYRI,0.1454,No,Medium Risk
3703-KBKZP,0.3661,No,Medium Risk
0295-QVKPB,0.1507,No,Medium Risk
8908-NMQTX,0.0085,No,Low Risk
3577-AMVUX,0.2336,No,Medium Risk
8696-JKZNU,0.9333,Yes,High Risk
8957-THMOA,0.0006,No,Low Risk
2800-VEQXM,0.3226,No,Medium Risk
0667-NSRGI,0.1834,No,Medium Risk
1934-SJVJK,0.5296,Yes,Medium Risk
2480-SQIOB,0.7236,Yes,High Risk
9906-NHHVC,0.1101,No,Medium Risk
5909-ECHUI,0.9707,Yes,High Risk
0524-IAVZO,0.794,Yes,High Risk
8623-TMRBY,0.9357,Yes,High Risk
4897-QSUYC,0.9202,Yes,High Risk
2511-ALLCS,0.0018,No,Low Risk
7508-KBIMB,0.0248,No,Low Risk
4130-MZLCC,0.2661,No,Medium Risk
2057-BOYKM,0.0071,No,Low Risk
3831-YCPUO,0.0014,No,Low Risk
9866-QEVEE,0.9608,Yes,High Risk
4194-FJARJ,0.0042,No,Low Risk
9028-LIHRP,0.3028,No,Medium Risk
4623-ZKHLY,0.003,No,Low Risk
5195-KPUNQ,0.0216,No,Low Risk
6286-SUUWT,0.0387,No,Low Risk
6591-QGOYB,0.1467,No,Medium Risk
1839-UMACK,0.0549,No,Low Risk
1047-RNXZV,0.0026,No,Low Risk
9150-HEPMB,0.0024,No,Low Risk
0471-ARVMX,0.0482,No,Low Risk
5954-BDFSG,0.013,No,Low Risk
9172-ANCRX,0.9732,Yes,High Risk
5542-DHSXL,0.0989,No,Medium Risk
3842-IYKUE,0.1773,No,Medium Risk
1740-CSDJP,0.9355,Yes,High Risk
7078-NVFAM,0.0513,No,Low Risk
8200-LGKSR,0.005,No,Low Risk
7493-TPUWZ,0.577,Yes,High Risk
0112-QAWRZ,0.0505,No,Low Risk
8988-ECPJR,0.033,No,Low Risk
6131-JLWZM,0.0052,No,Low Risk
9025-AOMKI,0.6376,Yes,High Risk
7881-INRLC,0.8614,Yes,High Risk
2978-XXSOG,0.064,No,Low Risk
2969-WGHQO,0.0052,No,Low Risk
9391-LMANN,0.0448,No,Low Risk
1918-ZBFQJ,0.8614,Yes,High Risk
5087-SUURX,0.6485,Yes,High Risk
0733-VUNUW,0.1048,No,Medium Risk
2233-FAGXV,0.7292,Yes,High Risk
9626-VFRGG,0.0311,No,Low Risk
5914-XRFQB,0.0105,No,Low Risk
1580-BMCMR,0.2491,No,Medium Risk
4833-QTJNo,0.0229,No,Low Risk
5276-KQWHG,0.9894,Yes,High Risk
1703-MGIAB,0.052,No,Low Risk
2937-FTHUR,0.3554,No,Medium Risk
7225-CBZPL,0.8736,Yes,High Risk
9705-ZJBCG,0.0303,No,Low Risk
2139-FQHLM,0.026,No,Low Risk
1265-XTECC,0.3896,No,Medium Risk
1998-VHJHK,0.0003,No,Low Risk
7706-DZNKK,0.1716,No,Medium Risk
4016-BJKTZ,0.0799,No,Low Risk
6582-OIVSP,0.1404,No,Medium Risk
3665-JATSN,0.0588,No,Low Risk
0366-NQSHS,0.0045,No,Low Risk
7929-SKFGK,0.1064,No,Medium Risk
2725-TTRIQ,0.0071,No,Low Risk
0125-LZQXK,0.6329,Yes,High Risk
9711-FJTBX,0.0039,No,Low Risk
0687-ZVTHB,0.0354,No,Low Risk
7107-UBYKY,0.0109,No,Low Risk
8393-JMVMB,0.0653,No,Low Risk
9146-JRIOX,0.0395,No,Low Risk
8819-IMISP,0.2512,No,Medium Risk
6704-UTUKK,0.5504,Yes,Medium Risk
1945-XISKS,0.0013,No,Low Risk
0559-CKHUS,0.0012,No,Low Risk
7816-VGHTO,0.0206,No,Low Risk
8079-XRJRS,0.1422,No,Medium Risk
5655-JSMZM,0.5247,Yes,Medium Risk
8063-GBATB,0.8875,Yes,High Risk
4585-HETAI,0.9193,Yes,High Risk
0186-CAERR,0.7309,Yes,High Risk
0877-SDMBN,0.2686,No,Medium Risk
5366-OBVMR,0.1485,No,Medium Risk
2235-EZAIK,0.0036,No,Low Risk
7161-DFHUF,0.0009,No,Low Risk
7688-AWMDX,0.0013,No,Low Risk
8286-AFUYI,0.072,No,Low Risk
9919-KNPOO,0.2882,No,Medium Risk
3724-BSCVH,0.0015,No,Low Risk
8634-MPHTR,0.9817,Yes,High Risk
1895-QTKDO,0.0185,No,Low Risk
4550-EVXNY,0.9885,Yes,High Risk
8043-PNYSD,0.0002,No,Low Risk
0178-SZBHO,0.0797,No,Low Risk
0440-EKDCF,0.0037,No,Low Risk
9389-ACWBI,0.2874,No,Medium Risk
5294-IMHHT,0.1783,No,Medium Risk
9777-IQHWP,0.0047,No,Low Risk
3655-SNQYZ,0.0284,No,Low Risk
9065-ZCPQX,0.0302,No,Low Risk
5027-YOCXN,0.8507,Yes,High Risk
9137-UIYPG,0.0415,No,Low Risk
7140-ADSMJ,0.0122,No,Low Risk
0696-UKTOX,0.3042,No,Medium Risk
1024-GUALD,0.8439,Yes,High Risk
1173-XZPYF,0.5589,Yes,Medium Risk
6260-ONULR,0.2904,No,Medium Risk
8464-EETCQ,0.0018,No,Low Risk
8587-XYZSF,0.0233,No,Low Risk
9591-YVTEB,0.0342,No,Low Risk
3916-NRPAP,0.4996,No,Medium Risk
5915-DGNVC,0.0592,No,Low Risk
5175-AOBHI,0.8269,Yes,High Risk
3190-XFANI,0.2691,No,Medium Risk
1545-ACTAS,0.0198,No,Low Risk
3766-EJLFL,0.0047,No,Low Risk
4662-EKDPQ,0.8501,Yes,High Risk
5529-GIBVH,0.0314,No,Low Risk
5442-PPTJY,0.0014,No,Low Risk
6319-QSUSR,0.0042,No,Low Risk
9929-PLVPA,0.0517,No,Low Risk
8087-LGYHQ,0.141,No,Medium Risk
8510-BBWMU,0.0052,No,Low Risk
4873-ILOLJ,0.6824,Yes,High Risk
0691-IFBQW,0.9091,Yes,High Risk
3679-XASPY,0.0103,No,Low Risk
8443-ZRDBZ,0.817,Yes,High Risk
6502-HCJTI,0.7161,Yes,High Risk
1371-WEPDS,0.0433,No,Low Risk
8720-RQSBJ,0.2421,No,Medium Risk
6870-ECSHE,0.0484,No,Low Risk
2138-VFAPZ,0.0254,No,Low Risk
7074-IEVOJ,0.4009,No,Medium Risk
5872-OEQNH,0.0748,No,Low Risk
2107-FBPTK,0.2464,No,Medium Risk
0685-MLYYM,0.9509,Yes,High Risk
9128-CPXKI,0.0753,No,Low Risk
5536-SLHPM,0.0738,No,Low Risk
8092-NLTGF,1e-04,No,Low Risk
6894-LFHLY,0.9306,Yes,High Risk
0225-ZORZP,0.6859,Yes,High Risk
2911-WDXMV,0.2293,No,Medium Risk
9847-HNVGP,0.0047,No,Low Risk
3669-OYSJI,0.8315,Yes,High Risk
3244-DCJWY,0.9819,Yes,High Risk
9526-JAWYF,0.5606,Yes,Medium Risk
6650-VJONK,0.0341,No,Low Risk
2560-QTSBS,0.0003,No,Low Risk
6369-MCAKO,0.0045,No,Low Risk
8966-OIQHG,0.0004,No,Low Risk
2070-FNEXE,0.8293,Yes,High Risk
2065-MMKGR,0.0192,No,Low Risk
9239-GZHZE,0.0025,No,Low Risk
7239-HZZCX,0.9687,Yes,High Risk
9967-ATRFS,0.0055,No,Low Risk
9576-SYUHJ,0.1279,No,Medium Risk
7319-VENRZ,0.0185,No,Low Risk
4361-JEIVL,0.7733,Yes,High Risk
4879-GZLFH,0.0591,No,Low Risk
8799-OXZMD,0.065,No,Low Risk
7779-ORAEL,0.0112,No,Low Risk
3910-MRQOY,1e-04,No,Low Risk
1213-NGCUN,0.9021,Yes,High Risk
7929-DMBCV,0.8229,Yes,High Risk
3908-BLSYF,0.8523,Yes,High Risk
1271-UODNo,0.0048,No,Low Risk
7294-TMAOP,0.383,No,Medium Risk
1260-TTRXI,0.339,No,Medium Risk
1271-SJBGZ,0.8625,Yes,High Risk
5414-OFQCB,0.0236,No,Low Risk
9637-EIHEQ,0.9034,Yes,High Risk
1104-TNLZA,0.3944,No,Medium Risk
6567-HOOPW,0.9652,Yes,High Risk
6691-CCIHA,0.0214,No,Low Risk
1453-RZFON,0.5454,Yes,Medium Risk
9880-TDQAC,0.0037,No,Low Risk
8544-JNBOX,0.0,No,Low Risk
3970-XGJDU,0.0008,No,Low Risk
1028-FFNJK,0.883,Yes,High Risk
9609-BENEA,0.0556,No,Low Risk
3096-IZETN,0.9007,Yes,High Risk
2342-CKIAO,0.0026,No,Low Risk
2843-CQMEG,0.0269,No,Low Risk
3978-YNKDD,0.0217,No,Low Risk
6572-ADKRS,0.0375,No,Low Risk
7048-GXDAY,0.3309,No,Medium Risk
0334-ZFJSR,0.005,No,Low Risk
7872-BAAZR,0.0537,No,Low Risk
3938-YFPXD,0.0014,No,Low Risk
4554-YGZIH,0.4244,No,Medium Risk
4990-ALDGW,0.005,No,Low Risk
6732-VAILE,0.0043,No,Low Risk
3011-WQKSZ,0.0221,No,Low Risk
0428-IKYCP,0.3043,No,Medium Risk
5186-SAMNZ,0.9462,Yes,High Risk
2969-VAPYH,0.091,No,Low Risk
9647-ERGBE,0.9666,Yes,High Risk
4083-EUGRJ,0.6144,Yes,High Risk
7083-MIOPC,0.0028,No,Low Risk
6284-KMNUF,0.0894,No,Low Risk
4106-HADHQ,0.7542,Yes,High Risk
4187-CINZD,0.3015,No,Medium Risk
3154-CFSZG,0.0554,No,Low Risk
3995-WFCSM,0.0519,No,Low Risk
1561-BWHIN,0.0038,No,Low Risk
8902-ZEOVF,0.0033,No,Low Risk
9944-HKVVB,0.9834,Yes,High Risk
8414-MYSHR,0.907,Yes,High Risk
5438-QMDDL,0.0414,No,Low Risk
1809-DMJHQ,0.9038,Yes,High Risk
1960-UOTYM,0.0246,No,Low Risk
9282-IZGQK,0.8649,Yes,High Risk
6745-JEFZB,0.0503,No,Low Risk
0357-NVCRI,0.0289,No,Low Risk
7354-OIJLX,0.5381,Yes,Medium Risk
5439-WIKXB,0.0564,No,Low Risk
4465-VDKIQ,0.1482,No,Medium Risk
8012-SOUDQ,0.1646,No,Medium Risk
3923-CSIHK,0.9396,Yes,High Risk
9584-EXCDZ,0.5273,Yes,Medium Risk
2669-OIDSD,0.6971,Yes,High Risk
3633-CDBUW,0.1068,No,Medium Risk
2320-SLKMB,0.1551,No,Medium Risk
4854-SSLTN,0.0155,No,Low Risk
8374-UULRV,0.0043,No,Low Risk
8651-ENBZX,0.753,Yes,High Risk
3214-IYUUQ,0.0097,No,Low Risk
3208-YPIOE,0.3342,No,Medium Risk
6910-HADCM,0.9694,Yes,High Risk
2834-JRTUA,0.7853,Yes,High Risk
6569-KTMDU,0.0319,No,Low Risk
6956-SMUCM,0.884,Yes,High Risk
2962-XPMCQ,0.8992,Yes,High Risk
7216-KAOID,0.0012,No,Low Risk
4568-KNYWR,0.0821,No,Low Risk
0691-NIKRI,0.8795,Yes,High Risk
4962-CHQPW,0.0466,No,Low Risk
1925-TIBLE,0.7282,Yes,High Risk
7956-XQWGU,0.3837,No,Medium Risk
6100-QQHEB,0.9899,Yes,High Risk
8931-GJJIQ,0.3513,No,Medium Risk
4189-NAKJS,0.4436,No,Medium Risk
7605-BDWDC,0.0022,No,Low Risk
9251-WNSOD,0.005,No,Low Risk
2279-AXJJK,0.064,No,Low Risk
9547-ITEFG,0.255,No,Medium Risk
0508-OOLTO,0.5524,Yes,Medium Risk
2379-ENZGV,0.5522,Yes,Medium Risk
2465-BLLEU,0.1664,No,Medium Risk
8510-TMWYB,0.0426,No,Low Risk
8111-SLLHI,0.577,Yes,High Risk
7868-BGSZA,0.015,No,Low Risk
6152-ONASV,0.101,No,Medium Risk
1231-YNDEK,0.001,No,Low Risk
3249-ZPQRG,0.8372,Yes,High Risk
6092-QZVPP,0.0104,No,Low Risk
8922-LIEGH,0.8512,Yes,High Risk
7734-DBOAI,0.5702,Yes,High Risk
2722-VOJQL,0.5159,Yes,Medium Risk
4304-XUMGI,0.0061,No,Low Risk
2651-ZCBXV,0.1051,No,Medium Risk
8621-MNIHH,0.922,Yes,High Risk
9435-JMLSX,0.0178,No,Low Risk
0511-JTEOY,0.8555,Yes,High Risk
1304-BCCFO,0.0734,No,Low Risk
2507-QZPQS,0.138,No,Medium Risk
0221-WMXNQ,0.7627,Yes,High Risk
0778-NELLA,0.8347,Yes,High Risk
0665-XHDJU,0.0393,No,Low Risk
7696-CFTAT,0.0013,No,Low Risk
0318-QUUOB,0.9176,Yes,High Risk
9700-ISPUP,0.2752,No,Medium Risk
1166-PQLGG,1e-04,No,Low Risk
2581-VKIRT,0.0036,No,Low Risk
9342-VNIMQ,0.0182,No,Low Risk
4800-VHZKI,0.3125,No,Medium Risk
3887-PBQAO,0.0043,No,Low Risk
4813-HQMGZ,0.2447,No,Medium Risk
9885-AIBVB,0.0465,No,Low Risk
5804-JMYIO,0.0022,No,Low Risk
3423-HHXAO,0.0534,No,Low Risk
6586-PSJOX,0.0135,No,Low Risk
1241-EZFMJ,0.0013,No,Low Risk
4104-PVRPS,0.3654,No,Medium Risk
7564-GHCVB,0.0043,No,Low Risk
5566-SOEZD,0.6783,Yes,High Risk
6131-IUNXN,0.0014,No,Low Risk
8896-RAZCR,0.0027,No,Low Risk
8468-EHYJA,0.4384,No,Medium Risk
1725-MIMXW,0.6984,Yes,High Risk
0970-ETWGE,0.9429,Yes,High Risk
5027-XWQHA,0.6789,Yes,High Risk
5348-CAGXB,0.8605,Yes,High Risk
7997-EASSD,0.0513,No,Low Risk
6815-ABQFQ,0.3405,No,Medium Risk
9526-BIHHD,0.7235,Yes,High Risk
2961-VNFKL,0.0007,No,Low Risk
3729-OWRVL,0.0189,No,Low Risk
6972-SNKKW,0.0537,No,Low Risk
3026-ATZYV,0.0098,No,Low Risk
7771-ZONAT,0.0089,No,Low Risk
0230-WEQUW,0.033,No,Low Risk
1696-MZVAU,0.038,No,Low Risk
0330-IVZHA,0.9039,Yes,High Risk
1396-QWFBJ,0.8467,Yes,High Risk
5730-DBDSI,0.0013,No,Low Risk
5433-KYGHE,0.0602,No,Low Risk
1407-DIGZV,0.0119,No,Low Risk
9055-MOJJJ,0.0085,No,Low Risk
4139-DETXS,0.0057,No,Low Risk
6543-JXSOO,0.0053,No,Low Risk
2592-YKDIF,0.3321,No,Medium Risk
0036-IHMOT,0.0284,No,Low Risk
6504-VBLFL,0.0116,No,Low Risk
9715-WZCLW,0.0129,No,Low Risk
7105-MXJLL,0.0043,No,Low Risk
4291-HPAXL,0.5885,Yes,High Risk
7109-MFBYV,0.0716,No,Low Risk
6784-XYJAE,0.0928,No,Low Risk
9692-TUSXH,0.9561,Yes,High Risk
1661-CZBAU,0.0023,No,Low Risk
9554-DFKIC,0.0093,No,Low Risk
2379-GYFLQ,0.668,Yes,High Risk
7587-RZNME,0.668,Yes,High Risk
9708-KFDBY,0.039,No,Low Risk
1663-MHLHE,0.1447,No,Medium Risk
8095-WANWK,0.0434,No,Low Risk
1784-BXEFA,0.0632,No,Low Risk
0428-AXXLJ,0.0536,No,Low Risk
4135-FRWKJ,0.1999,No,Medium Risk
7459-IMVYU,0.1487,No,Medium Risk
1842-EZJMK,0.2304,No,Medium Risk
8165-ZJRNM,0.0002,No,Low Risk
5871-DGTXZ,0.0032,No,Low Risk
9912-OMZDS,0.0551,No,Low Risk
5138-WVKYJ,0.2236,No,Medium Risk
5260-UMPWX,0.0898,No,Low Risk
4697-LUPSU,0.0507,No,Low Risk
9795-VOWON,0.0027,No,Low Risk
9541-PWTWO,0.0239,No,Low Risk
9364-YKUVW,0.0175,No,Low Risk
1682-VCOIO,0.1519,No,Medium Risk
0319-QZTCO,0.3156,No,Medium Risk
0032-PGELS,0.3858,No,Medium Risk
5153-RTHKF,0.258,No,Medium Risk
5505-OVWQW,0.0034,No,Low Risk
1078-TDCRN,0.1152,No,Medium Risk
0208-BPQEJ,0.0258,No,Low Risk
1571-SAVHK,0.8492,Yes,High Risk
6366-XIVKZ,0.0814,No,Low Risk
6516-NKQBO,0.1477,No,Medium Risk
8329-IBCTI,0.9656,Yes,High Risk
9227-UAQFT,0.0034,No,Low Risk
3404-JNXAX,0.0504,No,Low Risk
0536-BGFMZ,0.0112,No,Low Risk
6919-ELBGL,0.3774,No,Medium Risk
6993-YGFJV,0.6774,Yes,High Risk
6559-RAKOZ,0.057,No,Low Risk
7776-QGYJC,0.7309,Yes,High Risk
4238-HFHSN,0.0388,No,Low Risk
0323-XWWTN,0.0027,No,Low Risk
7353-YOWFP,0.0168,No,Low Risk
0616-ATFGB,0.8779,Yes,High Risk
1410-RSCMR,0.0067,No,Low Risk
2004-OCQXK,0.9271,Yes,High Risk
0374-FIUCA,0.0003,No,Low Risk
2542-HYGIQ,0.0929,No,Low Risk
5174-ITUMV,0.8147,Yes,High Risk
6993-YCOBK,0.0066,No,Low Risk
0603-TPMIB,0.0216,No,Low Risk
9787-XVQIU,0.9913,Yes,High Risk
8591-NXRCV,0.3151,No,Medium Risk
1731-TVIUK,0.9632,Yes,High Risk
5975-BAICR,0.0653,No,Low Risk
4955-VCWBI,0.0167,No,Low Risk
5884-FBCTL,0.0014,No,Low Risk
9388-ZEYVT,0.0049,No,Low Risk
5707-ORNDZ,0.8902,Yes,High Risk
6258-PVZWJ,0.0643,No,Low Risk
6265-FRMTQ,0.0013,No,Low Risk
1752-OZXFY,0.0033,No,Low Risk
8739-QOTTN,0.2759,No,Medium Risk
3230-WYKIR,0.4229,No,Medium Risk
8976-OQHGT,0.6073,Yes,High Risk
9658-WYUFB,0.9275,Yes,High Risk
9220-CXRSC,0.0045,No,Low Risk
3957-HHLMR,0.0188,No,Low Risk
8375-DKEBR,0.9765,Yes,High Risk
4373-MAVJG,0.9447,Yes,High Risk
1069-XAIEM,0.9786,Yes,High Risk
0377-JBKKT,0.0147,No,Low Risk
0930-EHUZA,0.0242,No,Low Risk
7593-JNWRU,0.2049,No,Medium Risk
4376-KFVRS,0.0551,No,Low Risk
1323-OOEPC,0.9142,Yes,High Risk
3402-XRIUO,0.1924,No,Medium Risk
1769-GRUIK,0.086,No,Low Risk
8329-GWVPJ,0.063,No,Low Risk
4210-QFJMF,0.9541,Yes,High Risk
6969-MVBAI,0.5888,Yes,High Risk
1159-WFSGR,0.8129,Yes,High Risk
0975-VOOVL,0.1071,No,Medium Risk
2309-OSFEU,0.9594,Yes,High Risk
5183-KLYEM,0.0071,No,Low Risk
1776-SPBWV,0.001,No,Low Risk
4486-EFAEB,0.1284,No,Medium Risk
7326-RIGQZ,0.0952,No,Medium Risk
6418-HNFED,0.0242,No,Low Risk
2058-DCJBE,0.9865,Yes,High Risk
9555-SAHUZ,0.0018,No,Low Risk
0628-CNQRM,0.2735,No,Medium Risk
6960-HVYXR,0.8339,Yes,High Risk
8292-FRFZQ,0.0658,No,Low Risk
6047-SUHPR,0.0049,No,Low Risk
0568-ONFPC,0.8506,Yes,High Risk
7599-NTMDP,0.0008,No,Low Risk
3712-PKXZA,0.0878,No,Low Risk
6519-ZHPXP,0.0011,No,Low Risk
7649-SIJJF,0.0017,No,Low Risk
8584-KMVXD,0.7992,Yes,High Risk
7077-XJMET,0.628,Yes,High Risk
3521-HTQTV,0.002,No,Low Risk
9643-YBLUR,0.2525,No,Medium Risk
5296-PSYVW,0.0014,No,Low Risk
4929-XIHVW,0.6411,Yes,High Risk
0343-QLUZP,0.0213,No,Low Risk
9624-EGDEQ,0.0301,No,Low Risk
5747-PMBSQ,0.91,Yes,High Risk
4184-VODJZ,0.0626,No,Low Risk
1319-YLZJG,0.0253,No,Low Risk
3445-HXXGF,0.5402,Yes,Medium Risk
7356-IWLFW,0.1015,No,Medium Risk
1696-HXOWK,0.0168,No,Low Risk
2074-GKOWZ,0.9049,Yes,High Risk
3069-SSVSN,0.0543,No,Low Risk
8325-QRPZR,0.4979,No,Medium Risk
8319-QBEHW,0.0371,No,Low Risk
2180-DXNEG,0.5395,Yes,Medium Risk
4318-RAJVY,0.0055,No,Low Risk
7950-XWOVN,0.1921,No,Medium Risk
5136-KCKGI,0.5276,Yes,Medium Risk
8894-JVDCV,0.0138,No,Low Risk
9924-JPRMC,0.0183,No,Low Risk
5296-BFCYD,0.0016,No,Low Risk
0784-ZQJZX,0.0028,No,Low Risk
5898-IGSLP,0.6271,Yes,High Risk
5274-XHAKY,0.2405,No,Medium Risk
1000-AJSLD,0.9383,Yes,High Risk
8547-NSBBO,0.0213,No,Low Risk
9776-OJUZI,0.091,No,Low Risk
1142-WACZW,0.7381,Yes,High Risk
3976-NLDEZ,0.0116,No,Low Risk
6959-UWKHF,0.962,Yes,High Risk
8465-SBRXP,0.0107,No,Low Risk
6619-RPLQZ,0.0012,No,Low Risk
9505-SQFSW,0.0778,No,Low Risk
1591-MQJTP,0.1418,No,Medium Risk
6905-NIQIN,0.7652,Yes,High Risk
3308-JSGML,0.006,No,Low Risk
3132-TVFDZ,0.8113,Yes,High Risk
5896-NPFWW,0.5235,Yes,Medium Risk
2344-JMOGN,0.7501,Yes,High Risk
5108-ADXWO,0.9325,Yes,High Risk
3318-NMQXL,0.4373,No,Medium Risk
9878-TNQGW,0.9777,Yes,High Risk
4646-QZXTF,0.0445,No,Low Risk
1965-DDBWU,0.8401,Yes,High Risk
5339-PXDVH,0.7381,Yes,High Risk
8640-SDGKB,0.6908,Yes,High Risk
4049-ZPALD,0.0183,No,Low Risk
9714-EDSUC,0.5015,Yes,Medium Risk
6308-CQRBU,0.0973,No,Medium Risk
0004-TLHLJ,0.9621,Yes,High Risk
5919-TMRGD,0.9059,Yes,High Risk
0947-IDHRQ,0.9458,Yes,High Risk
7379-POKDZ,0.7412,Yes,High Risk
5201-CBWYG,0.0258,No,Low Risk
2636-ALXXZ,0.9874,Yes,High Risk
8637-XJIVR,0.7908,Yes,High Risk
3181-MIZBN,0.0668,No,Low Risk
3315-TOTBP,0.8841,Yes,High Risk
1729-VLAZJ,0.0165,No,Low Risk
5298-GSTLM,0.0102,No,Low Risk
6637-KYRCV,0.0903,No,Low Risk
8510-AWCXC,0.9281,Yes,High Risk
1897-RCFUM,0.0918,No,Low Risk
4201-JMNGR,0.9871,Yes,High Risk
4116-TZAQJ,0.2616,No,Medium Risk
7963-GQRMY,0.3192,No,Medium Risk
0229-LFJAF,0.0183,No,Low Risk
2410-CIYFZ,0.0573,No,Low Risk
2516-VQRRV,0.9675,Yes,High Risk
2428-HYUNX,0.001,No,Low Risk
4134-BSXLX,0.1231,No,Medium Risk
5231-FIQPA,0.0023,No,Low Risk
1074-WVEVG,0.0133,No,Low Risk
8606-OEGQZ,0.0111,No,Low Risk
0885-HMGPY,0.0052,No,Low Risk
8185-UPYBR,0.7731,Yes,High Risk
3518-FSTWG,0.0051,No,Low Risk
1728-BQDMA,0.5841,Yes,High Risk
8404-VLQFB,0.1876,No,Medium Risk
7820-ZYGNY,0.008,No,Low Risk
4324-BZCKL,0.4731,No,Medium Risk
4524-QCSSM,0.2072,No,Medium Risk
1301-LOPVR,0.0085,No,Low Risk
4872-VXRIL,0.0025,No,Low Risk
1140-UKVZG,0.2097,No,Medium Risk
0942-KOWSM,0.0027,No,Low Risk
9026-LHEVG,0.0804,No,Low Risk
3086-RUCRN,0.1984,No,Medium Risk
5376-DEQCP,0.9946,Yes,High Risk
3262-EIDHV,0.0026,No,Low Risk
7181-BQYBV,0.6627,Yes,High Risk
1173-NoEYG,0.2292,No,Medium Risk
9067-YGSCA,0.0011,No,Low Risk
0567-XRHCU,0.0027,No,Low Risk
9489-UTFKA,0.0686,No,Low Risk
9170-CCKOU,0.8255,Yes,High Risk
5366-IJEQJ,0.957,Yes,High Risk
6513-EECDB,0.9973,Yes,High Risk
2607-FBDFF,0.2285,No,Medium Risk
3413-CSSTH,0.0874,No,Low Risk
7823-JSOAG,0.1621,No,Medium Risk
0674-EYYZV,0.1888,No,Medium Risk
8942-DBMHZ,0.0075,No,Low Risk
5266-PFRQK,0.1277,No,Medium Risk
4092-OFQZS,0.0016,No,Low Risk
6177-PEVRA,0.0036,No,Low Risk
2195-VVRJF,0.068,No,Low Risk
8623-ULFNQ,0.2079,No,Medium Risk
6543-CPZMK,0.413,No,Medium Risk
2868-MZAGQ,0.9699,Yes,High Risk
2927-QRRQV,0.13,No,Medium Risk
8317-BVKSO,0.0173,No,Low Risk
6230-BSUXY,0.8483,Yes,High Risk
8950-MTZNV,0.4459,No,Medium Risk
5803-NQJZO,0.0339,No,Low Risk
8400-WZICQ,0.0076,No,Low Risk
1591-XWLGB,1e-04,No,Low Risk
0378-TOVMS,0.9037,Yes,High Risk
1215-FIGMP,0.2139,No,Medium Risk
0270-THENM,0.0137,No,Low Risk
2320-JRSDE,0.6079,Yes,High Risk
9250-WYPLL,0.6869,Yes,High Risk
9795-SHUHB,0.0033,No,Low Risk
3557-HTYWR,0.0323,No,Low Risk
7758-UJWYS,0.0122,No,Low Risk
9752-ZNQUT,0.9526,Yes,High Risk
4803-AXVYP,0.515,Yes,Medium Risk
4815-TUMEQ,0.0014,No,Low Risk
4910-GMJOT,0.9921,Yes,High Risk
9272-LSVYH,0.0679,No,Low Risk
2920-RNCEZ,0.488,No,Medium Risk
1265-HVPZB,0.0075,No,Low Risk
7515-LODFU,0.0004,No,Low Risk
4759-PXTAN,0.0963,No,Medium Risk
0690-SRQID,0.1701,No,Medium Risk
4183-MYFRB,0.132,No,Medium Risk
9578-VRMNM,0.8698,Yes,High Risk
3174-AKMAS,0.014,No,Low Risk
0641-EVBOJ,0.4512,No,Medium Risk
5458-CQJTA,0.0675,No,Low Risk
1355-KUSBG,0.2586,No,Medium Risk
5151-HQRDG,0.0388,No,Low Risk
6345-HOVES,0.0311,No,Low Risk
8413-YNHNV,0.0428,No,Low Risk
2880-FPNAE,0.748,Yes,High Risk
8060-HIWJJ,0.0078,No,Low Risk
0668-OGMHD,0.0619,No,Low Risk
4631-OACRM,0.9568,Yes,High Risk
2027-FECZV,0.8161,Yes,High Risk
9447-YPTBX,0.1605,No,Medium Risk
3050-RLLXC,0.0019,No,Low Risk
3507-GASNP,0.0013,No,Low Risk
4324-AHJKS,0.3018,No,Medium Risk
5353-WILCI,0.1465,No,Medium Risk
3511-APPBJ,0.0566,No,Low Risk
4640-UHDOS,0.5942,Yes,High Risk
0744-GKNGE,0.1628,No,Medium Risk
5760-IFJOZ,0.1454,No,Medium Risk
4815-YOSUK,0.0087,No,Low Risk
6839-ITVZJ,0.3012,No,Medium Risk
7010-ZMVBF,0.0042,No,Low Risk
9947-OTFQU,0.8544,Yes,High Risk
9824-BEMCV,0.9033,Yes,High Risk
1226-UDFZR,0.8674,Yes,High Risk
8642-GVWRF,0.9327,Yes,High Risk
7228-PAQPD,0.0067,No,Low Risk
2882-DDZPG,0.0376,No,Low Risk
5038-ETMLM,0.052,No,Low Risk
1591-NFNLQ,0.5536,Yes,Medium Risk
2830-LEWOA,0.4267,No,Medium Risk
2888-ADFAO,0.0033,No,Low Risk
2101-RANCD,0.9548,Yes,High Risk
6242-MBHPK,0.13,No,Medium Risk
4636-JGAAI,0.0134,No,Low Risk
7989-VCQOH,0.1929,No,Medium Risk
0811-GSDTP,0.162,No,Medium Risk
9809-IMGCQ,0.8912,Yes,High Risk
6625-UTXEW,0.3431,No,Medium Risk
4811-JBUVU,0.0648,No,Low Risk
9770-KXGQU,0.0086,No,Low Risk
0239-OXEXL,0.0946,No,Medium Risk
9300-AGZNL,0.9128,Yes,High Risk
9959-WOFKT,0.0046,No,Low Risk
5322-ZSMZY,0.0013,No,Low Risk
2674-MLXMN,0.0141,No,Low Risk
8695-ARGXZ,0.9558,Yes,High Risk
5022-KVDQT,0.3331,No,Medium Risk
8434-PNQZX,0.0192,No,Low Risk
3045-XETSH,0.9689,Yes,High Risk
7480-QNVZJ,0.9231,Yes,High Risk
1395-WSWXR,0.001,No,Low Risk
3648-GZPHF,0.0147,No,Low Risk
1493-AMTIE,0.5192,Yes,Medium Risk
8205-VSLRB,0.0071,No,Low Risk
8784-CGILN,0.5421,Yes,Medium Risk
9397-TZSHA,0.0658,No,Low Risk
8610-WFCJF,0.6688,Yes,High Risk
6595-COKXZ,0.926,Yes,High Risk
3223-WZWJM,0.8035,Yes,High Risk
6212-ATMLK,0.6341,Yes,High Risk
2038-YSEZE,0.0123,No,Low Risk
4480-QQRHC,0.403,No,Medium Risk
9840-DVNDC,0.9721,Yes,High Risk
4056-QHXHZ,0.001,No,Low Risk
4378-BZYFP,0.0063,No,Low Risk
1942-OQFRW,0.2705,No,Medium Risk
6421-SZVEM,0.0467,No,Low Risk
6233-HXJMX,0.5851,Yes,High Risk
9803-FTJCG,0.0021,No,Low Risk
6400-BWQKW,0.8832,Yes,High Risk
2359-QWQUL,0.8291,Yes,High Risk
1409-PHXTF,0.0931,No,Medium Risk
9402-ROUMJ,0.0166,No,Low Risk
9167-APMXZ,0.0865,No,Low Risk
7607-QKKTJ,0.0344,No,Low Risk
3961-SXAXY,0.2806,No,Medium Risk
8085-MSNLK,0.0032,No,Low Risk
8263-OKETD,0.1924,No,Medium Risk
2055-SIFSS,0.1101,No,Medium Risk
1608-GMEWB,0.0572,No,Low Risk
2111-DWYHN,0.0029,No,Low Risk
9248-OJYKK,0.991,Yes,High Risk
0732-OCQOC,0.0016,No,Low Risk
5622-UEJFI,0.0048,No,Low Risk
6870-ZWMNX,0.051,No,Low Risk
1042-HFUCW,0.0125,No,Low Risk
5067-DGXLL,0.0728,No,Low Risk
6510-UPNKS,0.0056,No,Low Risk
6257-DTAYD,0.0073,No,Low Risk
0266-GMEAO,0.0303,No,Low Risk
8844-TONUD,0.9778,Yes,High Risk
8220-OCUFY,0.0567,No,Low Risk
1488-SYSFC,0.0227,No,Low Risk
2851-MMUTZ,0.1846,No,Medium Risk
7245-JMTTQ,0.1166,No,Medium Risk
0479-HMSWA,0.0622,No,Low Risk
3097-FQTVJ,0.0022,No,Low Risk
3096-WPXBT,0.008,No,Low Risk
1122-JWTJW,0.9253,Yes,High Risk
4986-MXSFP,0.0861,No,Low Risk
6067-NGCEU,0.0032,No,Low Risk
2484-DGXPZ,0.7276,Yes,High Risk
7718-UPSKJ,0.04,No,Low Risk
4032-RMHCI,0.0049,No,Low Risk
7188-CBBBA,0.4947,No,Medium Risk
2308-STERM,0.0278,No,Low Risk
1025-FALIX,0.1949,No,Medium Risk
2919-HBCJO,0.9384,Yes,High Risk
3546-GHEAE,0.0352,No,Low Risk
3780-DDGSE,0.5006,Yes,Medium Risk
0301-FIDRB,0.009,No,Low Risk
8221-EQDGL,0.0864,No,Low Risk
1837-YQUCE,0.0011,No,Low Risk
4079-WWQQQ,0.0009,No,Low Risk
9758-MFWGD,0.0011,No,Low Risk
4057-FKCZK,0.0105,No,Low Risk
2984-TBYKU,0.0025,No,Low Risk
7964-ZRKKG,0.0487,No,Low Risk
0282-NVSJS,0.1013,No,Medium Risk
4821-WQOYN,0.005,No,Low Risk
6339-DKLMK,0.1587,No,Medium Risk
3205-MXZRA,0.0055,No,Low Risk
2418-TPEUN,0.0954,No,Medium Risk
3649-JPUGY,0.0024,No,Low Risk
7314-OXENN,0.9372,Yes,High Risk
6374-AFWOX,0.0044,No,Low Risk
1925-LFCZZ,0.4241,No,Medium Risk
5986-WWXDV,0.0006,No,Low Risk
9415-TPKRV,0.1171,No,Medium Risk
7167-PCEYD,0.0027,No,Low Risk
6952-OMNWB,0.0298,No,Low Risk
2348-KCJLT,0.0104,No,Low Risk
9518-IMLHK,0.0366,No,Low Risk
2868-SNELZ,0.9338,Yes,High Risk
2430-RRYUW,0.0024,No,Low Risk
7771-CFQRQ,0.0151,No,Low Risk
3733-ZEECP,0.0335,No,Low Risk
3638-WEABW,0.0046,No,Low Risk
2931-SVLTV,0.5688,Yes,High Risk
7153-CHRBV,0.0019,No,Low Risk
7517-SAWMO,0.9739,Yes,High Risk
6631-HMANX,0.002,No,Low Risk
1767-CJKBA,0.0011,No,Low Risk
4054-CUMIA,0.0476,No,Low Risk
1356-MKYSK,0.2606,No,Medium Risk
4178-EGMON,0.009,No,Low Risk
2194-IIQOF,0.0024,No,Low Risk
0345-HKJVM,0.9296,Yes,High Risk
4429-WYGFR,0.7112,Yes,High Risk
8076-FEZKJ,0.009,No,Low Risk
1485-YDHMM,0.0081,No,Low Risk
4488-KQFDT,0.51,Yes,Medium Risk
4160-AMJTL,0.2841,No,Medium Risk
7550-WIQVA,0.0961,No,Medium Risk
4822-YCXMX,0.4174,No,Medium Risk
9450-TRJUU,0.4742,No,Medium Risk
8755-OGKNA,0.0012,No,Low Risk
6728-CZFEI,0.0216,No,Low Risk
7928-VJYAB,0.6791,Yes,High Risk
6979-TNDEU,0.0841,No,Low Risk
7909-FIOIY,0.3871,No,Medium Risk
7743-EXURX,0.6278,Yes,High Risk
7096-UCLNH,0.0377,No,Low Risk
2603-HVKCG,0.308,No,Medium Risk
3549-ZTMNH,0.0052,No,Low Risk
7124-UGSUR,0.4292,No,Medium Risk
3096-GKWEB,0.1695,No,Medium Risk
5133-VRSAB,0.1232,No,Medium Risk
3716-UVSPD,0.6336,Yes,High Risk
1552-AAGRX,0.1441,No,Medium Risk
4700-UBQMV,0.0058,No,Low Risk
2863-IMQDR,0.0371,No,Low Risk
2226-ICFDO,0.0016,No,Low Risk
5373-SFODM,0.4032,No,Medium Risk
3645-DEYGF,0.0182,No,Low Risk
3739-YBWAB,0.0053,No,Low Risk
2070-XYMFH,0.0397,No,Low Risk
4114-QMKVN,0.1085,No,Medium Risk
1459-QNFQT,0.0076,No,Low Risk
4369-NYSCF,0.0802,No,Low Risk
2439-LYPMQ,0.3816,No,Medium Risk
7096-ZNBZI,0.0015,No,Low Risk
1306-RPWXZ,0.0044,No,Low Risk
2100-BDNSN,0.6112,Yes,High Risk
2160-GPFXD,0.0067,No,Low Risk
2480-JZOSN,0.0887,No,Low Risk
4501-EQDRN,0.9485,Yes,High Risk
7143-BQIBA,0.251,No,Medium Risk
3533-UVMOM,0.0304,No,Low Risk
3902-MIVLE,0.0019,No,Low Risk
8350-NYMVI,0.024,No,Low Risk
5150-ITWWB,0.4576,No,Medium Risk
0516-UXRMT,0.0151,No,Low Risk
4029-HPFVY,0.4787,No,Medium Risk
0829-XXPLX,0.2283,No,Medium Risk
3181-VTHOE,0.0126,No,Low Risk
2750-BJLSB,0.4328,No,Medium Risk
0562-HKHML,0.0003,No,Low Risk
1053-MXTTK,0.0011,No,Low Risk
2404-JIBFC,0.0278,No,Low Risk
6933-FHBZC,0.0071,No,Low Risk
1846-XWOQN,0.5275,Yes,Medium Risk
1136-XGEQU,0.0064,No,Low Risk
7248-VZQLC,0.7607,Yes,High Risk
5339-TJFEK,0.3106,No,Medium Risk
2364-UFROM,0.0063,No,Low Risk
3327-YBAKM,0.0136,No,Low Risk
0843-WTBXE,0.7061,Yes,High Risk
0128-MKWSG,0.1441,No,Medium Risk
8436-BJUMM,0.8991,Yes,High Risk
3508-VLHCZ,0.0262,No,Low Risk
6559-PDZLR,0.1195,No,Medium Risk
0447-RXSGD,0.172,No,Medium Risk
0107-YHINA,0.9901,Yes,High Risk
6029-CSMJE,0.2631,No,Medium Risk
8495-PRWFH,0.027,No,Low Risk
1907-YLNYW,0.2922,No,Medium Risk
3138-BKYAV,0.9528,Yes,High Risk
4323-SADQS,0.6863,Yes,High Risk
7878-RTCZG,0.7457,Yes,High Risk
9360-OMDZZ,0.299,No,Medium Risk
6953-PBDIN,0.0561,No,Low Risk
8808-ELEHO,0.9593,Yes,High Risk
0626-QXNGV,0.0006,No,Low Risk
4925-LMHOK,0.4818,No,Medium Risk
0080-EMYVY,0.0593,No,Low Risk
4718-DHSMV,0.3211,No,Medium Risk
6630-UJZMY,0.9698,Yes,High Risk
6778-YSNIH,0.7399,Yes,High Risk
4102-OQUPX,0.9941,Yes,High Risk
5110-CHOPY,0.0167,No,Low Risk
7102-JJVTX,0.0052,No,Low Risk
7660-HDPJV,0.9783,Yes,High Risk
8207-DMRVL,0.0827,No,Low Risk
4881-JVQOD,0.3853,No,Medium Risk
6202-JVYEU,0.0025,No,Low Risk
1084-MNSMJ,0.0027,No,Low Risk
8019-ENHXU,0.4867,No,Medium Risk
7853-WNZSY,0.0555,No,Low Risk
8626-PTQGE,0.0027,No,Low Risk
5939-XAIXZ,0.1107,No,Medium Risk
7569-NMZYQ,0.0013,No,Low Risk
5846-QFDFI,0.1915,No,Medium Risk
0415-MOSGF,0.399,No,Medium Risk
0634-SZPQA,0.4866,No,Medium Risk
